Phase 1 Altitude,Phase 2 Altitude,Phase 3 Altitude
7936.02295162585,9201.01909703803,17085.86804428269
