Phase 1 Altitude,Phase 2 Altitude,Phase 3 Altitude
3955.324898926462,8293.493343352206,17086.978741185194
