Phase 1 Altitude,Phase 2 Altitude,Phase 3 Altitude
8305.621714372313,10051.949409575474,16532.107856273753
