Phase 1 Altitude,Phase 2 Altitude,Phase 3 Altitude
7111.081918474894,10318.568617831304,17079.74782662787
