Phase 1 Altitude,Phase 2 Altitude,Phase 3 Altitude
8582.204437363485,9044.012113935074,17000.25016358248
