Phase 1 Altitude,Phase 2 Altitude,Phase 3 Altitude
7684.653372085777,8002.766766609278,17010.712673801914
