Phase 1 Altitude,Phase 2 Altitude,Phase 3 Altitude
6489.999076321378,11213.829710694386,17085.38922459541
