Phase 1 Altitude,Phase 2 Altitude,Phase 3 Altitude
8525.901081144695,10777.857361547758,17085.232416550327
